category,work,urn,text,context,lg_pos,trf_pos,odycy_pos,human_judgement,notes,lg_lemma,trf_lemma,odycy_lemma,lg_gender,trf_gender,odycy_gender,lg_case,trf_case,odycy_case,lg_tense,trf_tense,odycy_tense,lg_mood,trf_mood,odycy_mood,lg_voice,trf_voice,odycy_voice,lg_number,trf_number,odycy_number
tokenization_mismatch,Argonautica,urn:cts:greekLit:tlg0001.tlg001.perseus-grc2:2.335,,lg/trf: τῶ καὶ τἆλλα μεθέντες ὀνήιστον πονέεσθαι  |  odycy: τῶ καὶ τἆ λλα μεθέντες ὀνήιστον πονέεσθαι,,,,lg/trf,Crasis form split by odyCy tokenizer at internal breathing/coronis mark into non-word fragments; lg/trf single-token form is correct. [high],,,,,,,,,,,,,,,,,,,,,
tokenization_mismatch,Iliad,urn:cts:greekLit:tlg0012.tlg001.perseus-grc2:1.465,,"lg/trf: μίστυλλόν τʼ ἄρα τἆλλα καὶ ἀμφʼ ὀβελοῖσιν ἔπειραν ,  |  odycy: μίστυλλόν τʼ ἄρα τἆ λλα καὶ ἀμφʼ ὀβελοῖσιν ἔπειραν ,",,,,lg/trf,Crasis form split by odyCy tokenizer at internal breathing/coronis mark into non-word fragments; lg/trf single-token form is correct. [high],,,,,,,,,,,,,,,,,,,,,
tokenization_mismatch,Iliad,urn:cts:greekLit:tlg0012.tlg001.perseus-grc2:2.428,,"lg/trf: μίστυλλόν τʼ ἄρα τἆλλα καὶ ἀμφʼ ὀβελοῖσιν ἔπειραν ,  |  odycy: μίστυλλόν τʼ ἄρα τἆ λλα καὶ ἀμφʼ ὀβελοῖσιν ἔπειραν ,",,,,lg/trf,Crasis form split by odyCy tokenizer at internal breathing/coronis mark into non-word fragments; lg/trf single-token form is correct. [high],,,,,,,,,,,,,,,,,,,,,
tokenization_mismatch,Iliad,urn:cts:greekLit:tlg0012.tlg001.perseus-grc2:6.260,,"lg/trf: πρῶτον , ἔπειτα δὲ καὐτὸς ὀνήσεαι αἴ κε πίῃσθα .  |  odycy: πρῶτον , ἔπειτα δὲ κ αὐτὸς ὀνήσεαι αἴ κε πίῃσθα .",,,,lg/trf,Crasis form split by odyCy tokenizer at internal breathing/coronis mark into non-word fragments; lg/trf single-token form is correct. [high],,,,,,,,,,,,,,,,,,,,,
tokenization_mismatch,Iliad,urn:cts:greekLit:tlg0012.tlg001.perseus-grc2:8.360,,lg/trf: ἀλλὰ πατὴρ οὑμὸς φρεσὶ μαίνεται οὐκ ἀγαθῇσι  |  odycy: ἀλλὰ πατὴρ οὑ μὸς φρεσὶ μαίνεται οὐκ ἀγαθῇσι,,,,lg/trf,Crasis form split by odyCy tokenizer at internal breathing/coronis mark into non-word fragments; lg/trf single-token form is correct. [high],,,,,,,,,,,,,,,,,,,,,
tokenization_mismatch,Iliad,urn:cts:greekLit:tlg0012.tlg001.perseus-grc2:13.734,,"lg/trf: καί τε πολέας ἐσάωσε , μάλιστα δὲ καὐτὸς ἀνέγνω .  |  odycy: καί τε πολέας ἐσάωσε , μάλιστα δὲ κ αὐτὸς ἀνέγνω .",,,,lg/trf,Crasis form split by odyCy tokenizer at internal breathing/coronis mark into non-word fragments; lg/trf single-token form is correct. [high],,,,,,,,,,,,,,,,,,,,,
tokenization_mismatch,Iliad,urn:cts:greekLit:tlg0012.tlg001.perseus-grc2:23.325,,lg/trf: ἀλλʼ ἔχει ἀσφαλέως καὶ τὸν προὔχοντα δοκεύει .  |  odycy: ἀλλʼ ἔχει ἀσφαλέως καὶ τὸν προὔ χοντα δοκεύει .,,,,lg/trf,Crasis form split by odyCy tokenizer at internal breathing/coronis mark into non-word fragments; lg/trf single-token form is correct. [high],,,,,,,,,,,,,,,,,,,,,
tokenization_mismatch,Iliad,urn:cts:greekLit:tlg0012.tlg001.perseus-grc2:23.453,,"lg/trf: ἔγνω , φράσσατο δʼ ἵππον ἀριπρεπέα προὔχοντα ,  |  odycy: ἔγνω , φράσσατο δʼ ἵππον ἀριπρεπέα προὔ χοντα ,",,,,lg/trf,Crasis form split by odyCy tokenizer at internal breathing/coronis mark into non-word fragments; lg/trf single-token form is correct. [high],,,,,,,,,,,,,,,,,,,,,
tokenization_mismatch,Odyssey,urn:cts:greekLit:tlg0012.tlg002.perseus-grc2:3.255,,"lg/trf: ἦ τοι μὲν τάδε καὐτὸς ὀίεαι , ὥς κεν ἐτύχθη ,  |  odycy: ἦ τοι μὲν τάδε κ αὐτὸς ὀίεαι , ὥς κεν ἐτύχθη ,",,,,lg/trf,Crasis form split by odyCy tokenizer at internal breathing/coronis mark into non-word fragments; lg/trf single-token form is correct. [high],,,,,,,,,,,,,,,,,,,,,
tokenization_mismatch,Odyssey,urn:cts:greekLit:tlg0012.tlg002.perseus-grc2:3.462,,"lg/trf: μίστυλλόν τʼ ἄρα τἆλλα καὶ ἀμφʼ ὀβελοῖσιν ἔπειραν ,  |  odycy: μίστυλλόν τʼ ἄρα τἆ λλα καὶ ἀμφʼ ὀβελοῖσιν ἔπειραν ,",,,,lg/trf,Crasis form split by odyCy tokenizer at internal breathing/coronis mark into non-word fragments; lg/trf single-token form is correct. [high],,,,,,,,,,,,,,,,,,,,,
tokenization_mismatch,Odyssey,urn:cts:greekLit:tlg0012.tlg002.perseus-grc2:12.365,,lg/trf: μίστυλλόν τʼ ἄρα τἆλλα καὶ ἀμφʼ ὀβελοῖσιν ἔπειραν .  |  odycy: μίστυλλόν τʼ ἄρα τἆ λλα καὶ ἀμφʼ ὀβελοῖσιν ἔπειραν .,,,,lg/trf,Crasis form split by odyCy tokenizer at internal breathing/coronis mark into non-word fragments; lg/trf single-token form is correct. [high],,,,,,,,,,,,,,,,,,,,,
tokenization_mismatch,Odyssey,urn:cts:greekLit:tlg0012.tlg002.perseus-grc2:14.430,,"lg/trf: μίστυλλόν τʼ ἄρα τἆλλα καὶ ἀμφʼ ὀβελοῖσιν ἔπειραν ,  |  odycy: μίστυλλόν τʼ ἄρα τἆ λλα καὶ ἀμφʼ ὀβελοῖσιν ἔπειραν ,",,,,lg/trf,Crasis form split by odyCy tokenizer at internal breathing/coronis mark into non-word fragments; lg/trf single-token form is correct. [high],,,,,,,,,,,,,,,,,,,,,
pos_all3_different,Argonautica,urn:cts:greekLit:tlg0001.tlg001.perseus-grc2:2.600,ἔσσυτʼ,ἡ δʼ ἰκέλη πτερόεντι μετήορος [[ἔσσυτʼ]] ὀιστῷ .,ADJ,VERB,ADP,trf,"ἔσσυτ(ο), aor/plpf mid of σεύω 'she darted' -> VERB. [high]",ἔσσυτʼ,ἔσσυτʼ,ἔσσυτʼ,,,,,,,,,,,,,,,,,,
pos_all3_different,Argonautica,urn:cts:greekLit:tlg0001.tlg001.perseus-grc2:1.1079,ἤμαθʼ,"[[ἤμαθʼ]] ὁμοῦ νύκτας τε δυώδεκα , τοὺς δὲ καταῦθι",VERB,NOUN,ADP,trf,ἤματα (acc pl of ἦμαρ 'days') elided -> NOUN. [high],ἤμαθʼ,ἤμαθʼ,ἤμαθʼ,,,,,,,,,,,,,,,,,,
pos_all3_different,Iliad,urn:cts:greekLit:tlg0012.tlg001.perseus-grc2:3.162,πάροιθʼ,"δεῦρο [[πάροιθʼ]] ἐλθοῦσα φίλον τέκος ἵζευ ἐμεῖο ,",VERB,ADP,PART,trf,"πάροιθε governs implied gen (ἐμεῖο), 'in front of' -> ADP, confirmed. lg's VERB and odyCy's PART are both wrong; πάροιθε is a preposition here, not a particle. [high]",πάροιθʼ,πάροιθʼ,πάροιθʼ,,,,,,,,,,,,,,,,,,
pos_all3_different,Iliad,urn:cts:greekLit:tlg0012.tlg001.perseus-grc2:8.399,βάσκʼ,"[[βάσκʼ]] ἴθι Ἶρι ταχεῖα , πάλιν τρέπε μηδʼ ἔα ἄντην",ADJ,VERB,ADV,trf,"βάσκε, imperative of βάσκω 'go!' -> VERB. [high]",βάσκʼ,βάσκʼ,βάσκʼ,,,,,,,,,,,,,,,,,,
pos_all3_different,Odyssey,urn:cts:greekLit:tlg0012.tlg002.perseus-grc2:8.275,ὄφρʼ,"ἀρρήκτους ἀλύτους , [[ὄφρʼ]] ἔμπεδον αὖθι μένοιεν .",ADV,SCONJ,CCONJ,trf,ὄφρα introducing purpose clause -> SCONJ. [high],ὄφρʼ,ὄφρʼ,ὄφρʼ,,,,,,,,,,,,,,,,,,
pos_all3_different,Odyssey,urn:cts:greekLit:tlg0012.tlg002.perseus-grc2:4.259,λίγʼ,ἔνθʼ ἄλλαι Τρῳαὶ [[λίγʼ]] ἐκώκυον · αὐτὰρ ἐμὸν κῆρ,ADJ,ADV,ADP,trf,λίγα 'loudly' modifying ἐκώκυον -> ADV. [high],λίγʼ,λίγʼ,λίγʼ,,,,,,,,,,,,,,,,,,
pos_all3_different,Sack of Troy,urn:cts:greekLit:tlg0647.tlg001.perseus-grc2:535,αἵτʼ,[[αἵτʼ]] ἐπεὶ οὖν ἔκαμον πολυχανδέος ἔνδοθι σίμβλου,ADJ,PRON,CCONJ,trf (but see caveat),"Not a real 3-way disagreement: αἵτʼ is a single orthographic word in the source (confirmed in Perseus XML, no space) fusing the relative pronoun αἵ ('which') with the enclitic connective τε (elided to τʼ), the standard Homeric-style univerbation seen in ὅστε/οἵτε/ἥτε ('generalizing relative'). No single POS tag fully covers a fused pronoun+particle -- this is what UD calls a multi-word token (MWT), and none of these 3 models split MWTs. PRON (trf) is the more defensible single-tag choice since αἵ is the syntactic head, but 'trf correct' overstates it -- the honest answer is the token needs an MWT split, not a single POS. Corpus-wide check: 4 other instances of this same pronoun+τε univerbation (ἥτε x2, οἵτε x1, ἥντε x1, all also Sack of Troy/Triphiodorus) mostly resolve cleanly and consistently across all 3 models to PRON, lemma ὅστε -- this specific elided form (αἵτʼ) is the outlier where lemma resolution fails outright (stays as raw αἵτʼ) and POS diverges, likely because elision + this rare inflected form is underrepresented in training data. [high]",αἵτʼ,αἵτʼ,αἵτʼ,,,,,,,,,,,,,,,,,,
pos_all3_different,Sack of Troy,urn:cts:greekLit:tlg0647.tlg001.perseus-grc2:393,συμπαθέων,δεσμά τε [[συμπαθέων]] πλέκεται περὶ χερσὶ γυναικῶν,NOUN,ADJ,VERB,odycy,"συμπαθέων, participle of συμπαθέω agreeing w/ γυναικῶν -> VERB (participle), though ADJ (trf) also defensible if substantivized. [med] REVIEW",συμπαθέω,συμπαθέω,συμπαθάω,,,,,,,,,,,,,,,,,,
pos_all3_different,Dionysiaca,urn:cts:greekLit:tlg2045.tlg001.perseus-grc2:12.112,θαλλὸν,"γλαυκὸν Ἀθηναίῃ γλαυκώπιδι [[θαλλὸν]] ἐλαίης ,",ADJ,NOUN,VERB,trf,"θαλλός 'olive-shoot/branch', acc obj -> NOUN. [high]",θαλλός,θαλλός,θαλλὸς,,,,,,,,,,,,,,,,,,
pos_all3_different,Dionysiaca,urn:cts:greekLit:tlg2045.tlg001.perseus-grc2:31.272,ὅπων,"εἰς μίνα ἠριγένειαν , [[ὅπων]] Διὸς ὄμματα θέλξω ,",ADJ,PRON,NOUN,source-text error (POS undecidable either way),"Loeb reads ὅπως here, not ὅπων -- Perseus digital text has a ν/ς transcription error (same family as the accent/breathing corruption elsewhere in Dionysiaca, see PREPROCESSING.md). But even correcting to ὅπως, the POS/mood question doesn't fully resolve: ὅπως is genuinely ambiguous here between a final/purpose clause ('so that I might enchant', subjunctive) and a relative/manner clause ('by which [means] I shall enchant', indicative) -- and θέλξω's ending is morphologically identical for aorist subjunctive and future indicative, so the verb form can't disambiguate either. trf (Sub) and odycy (Ind/Fut) each latched onto one of two real, competing readings, not a right-vs-wrong split -- don't read this as trf's parse being corroborated. lg's Optative/3rd-sg is still clearly wrong under either reading. [med]",ὅπων,ὅπων,ὅπος,,,,,,,,,,,,,,,,,,
pos_all3_different,Posthomerica,urn:cts:greekLit:tlg2046.tlg001.perseus-grc2:9.370,περιδάμνατʼ,ὣς τὸν ὑπὸ σπέος εὐρὺ κακὴ [[περιδάμνατʼ]] ἀνίη ·,ADJ,VERB,PART,trf,"περιδάμνατʼ = περιδάμνατο (elided before ἀνίη), unaugmented 3rd sg impf mid of περιδάμνημι, 'was overpowering' [high]",περιδάμνατʼ,περιδάμνατʼ,περιδάμνατʼ,,,,,,,,,,,,,,,,,,
pos_all3_different,Posthomerica,urn:cts:greekLit:tlg2046.tlg001.perseus-grc2:7.69,ὁμὴν,"οὐ μὲν ἄρʼ ἐκτελέσαντας [[ὁμὴν]] βιότοιο κέλευθον ,",VERB,ADJ,NOUN,trf,ὁμήν agrees w/ κέλευθον (fem acc) -> ADJ. [high],ὁμός,ὁμός,ὁμὴ,,,,,,,,,,,,,,,,,,
pos_all3_different,Odyssey,urn:cts:greekLit:tlg0012.tlg002.perseus-grc2:5.336,ἄλγεʼ,"ἥ ῥʼ Ὀδυσῆʼ ἐλέησεν ἀλώμενον , [[ἄλγεʼ]] ἔχοντα ,",ADJ,NOUN,ADP,trf,ἄλγεα 'pains' obj of ἔχοντα -> NOUN. [high],ἄλγεʼς,ἄλγεʼ,ἄλγεʼ,,,,,,,,,,,,,,,,,,
pos_all3_different,Odyssey,urn:cts:greekLit:tlg0012.tlg002.perseus-grc2:14.67,αὐτόθʼ,"τῷ κέ με πόλλʼ ὤνησεν ἄναξ , εἰ [[αὐτόθʼ]] ἐγήρα ·",ADJ,ADV,PART,trf,αὐτόθι 'on the spot' -> ADV. [high],αὐτόθʼ,αὐτόθʼ,αὐτόθʼ,,,,,,,,,,,,,,,,,,
pos_all3_different,Argonautica,urn:cts:greekLit:tlg0001.tlg001.perseus-grc2:4.21,μενοινάς,"φάρμακα πασσαμένη , Ἥρης δʼ ἁλίωσε [[μενοινάς]] ,",ADJ,NOUN,VERB,trf,μενοινάς 'plans/desires' obj of ἁλίωσε -> NOUN. [high],μενοινή,μενοινή,μενοινά,,,,,,,,,,,,,,,,,,
pos_all3_different,Odyssey,urn:cts:greekLit:tlg0012.tlg002.perseus-grc2:24.394,θάμβευς,"ὦ γέρον , ἵζʼ ἐπὶ δεῖπνον , ἀπεκλελάθεσθε δὲ [[θάμβευς]] ·",ADJ,VERB,NOUN,odycy (POS) / lg+trf (lemma),"θάμβευς (epic gen sg of θάμβος 'amazement', obj of ἀπεκλελάθεσθε) -> POS: NOUN, odycy correct, lg=ADJ/trf=VERB both wrong. LEMMA: the citation form is θάμβος (nom sg) -- lg and trf both correctly resolve to θάμβος despite their POS misses; odycy's 'lemma' θάμβευς is just the unlemmatized surface form echoed back, not a real lemma resolution. Split verdict: no single model gets both columns right on this token. [high]",θάμβος,θάμβος,θάμβευς,,,,,,,,,,,,,,,,,,
pos_all3_different,Posthomerica,urn:cts:greekLit:tlg2046.tlg001.perseus-grc2:3.759,ʼ,"θαρσαλέῳ Πηλῆι καὶ ἀκαμάτῳ [[ʼ]] Αχιλῆι ,",NOUN,PUNCT,ADP,trf,"Stray apostrophe glyph isolated as its own token before Ἀχιλῆι -> PUNCT is the sane tag; underlying issue is a tokenization artifact (elision mark split off), not really a POS question. [high]",ʼ,ʼ,ʼ,,,,,,,,,,,,,,,,,,
pos_all3_different,Odyssey,urn:cts:greekLit:tlg0012.tlg002.perseus-grc2:12.368,ἀλλʼ,"[[ἀλλʼ]] ὅτε δὴ σχεδὸν ἦα κιὼν νεὸς ἀμφιελίσσης ,",ADJ,CCONJ,ADV,trf,ἀλλά joining clauses -> CCONJ. [high],ἀλλʼ,ἀλλʼ,ἀλλʼ,,,,,,,,,,,,,,,,,,
pos_all3_different,Odyssey,urn:cts:greekLit:tlg0012.tlg002.perseus-grc2:5.386,ἧος,[[ἧος]] ὃ Φαιήκεσσι φιληρέτμοισι μιγείη,VERB,ADV,PRON,trf,ἧος/ἕως temporal 'until/while' -- ideally SCONJ but no model offered it; trf's ADV closest given diachronic adverb->conjunction path. [med],ἕως,ἕως,ὅος,,,,,,,,,,,,,,,,,,
pos_all3_different,Iliad,urn:cts:greekLit:tlg0012.tlg001.perseus-grc2:15.203,στρεπταὶ,ἦ τι μεταστρέψεις ; [[στρεπταὶ]] μέν τε φρένες ἐσθλῶν .,NOUN,ADJ,VERB,trf,στρεπταί 'changeable' agreeing w/ φρένες -> ADJ; odycy's lemma also garbled. [high],στρεπτός,στρεπτός,στρεπταὶ,,,,,,,,,,,,,,,,,,
pos_all3_different,Posthomerica,urn:cts:greekLit:tlg2046.tlg001.perseus-grc2:7.107,ἀλλʼ,"[[ἀλλʼ]] ἕπετʼ Ἀργείοισι χολούμενος , εὖτε πάροιθεν",ADJ,CCONJ,ADV,trf,ἀλλά joining clauses -> CCONJ. [high],ἀλλʼ,ἀλλʼ,ἀλλʼ,,,,,,,,,,,,,,,,,,
pos_all3_different,Dionysiaca,urn:cts:greekLit:tlg2045.tlg001.perseus-grc2:18.124,ἀριστώδινα,καὶ Σταφύλου βασιλῆος [[ἀριστώδινα]] γυναῖκα,VERB,ADJ,NOUN,trf,ἀριστώδινα epithet agreeing w/ γυναῖκα -> ADJ. [high],ἀριστώδιν,ἀριστώδιν,ἀριστώδινα,,,,,,,,,,,,,,,,,,
pos_all3_different,Iliad,urn:cts:greekLit:tlg0012.tlg001.perseus-grc2:20.468,μάλʼ,ἀλλὰ [[μάλʼ]] ἐμμεμαώς · ὃ μὲν ἥπτετο χείρεσι γούνων,VERB,ADV,ADP,trf,μάλα 'very' modifying ἐμμεμαώς -> ADV. [high],μάλʼ,μάλʼ,μάλʼ,,,,,,,,,,,,,,,,,,
pos_all3_different,Odyssey,urn:cts:greekLit:tlg0012.tlg002.perseus-grc2:4.28,ἀλλʼ,"[[ἀλλʼ]] εἴπʼ , ἤ σφωιν καταλύσομεν ὠκέας ἵππους ,",ADJ,ADV,PART,none,"ἀλλά here still functions as CCONJ ('but tell me...'); lg=ADJ, trf=ADV, odycy=PART are all wrong. [high]",ἀλλʼ,ἀλλʼ,ἀλλʼ,,,,,,,,,,,,,,,,,,
pos_all3_different,Iliad,urn:cts:greekLit:tlg0012.tlg001.perseus-grc2:14.212,ἔστʼ,οὐκ [[ἔστʼ]] οὐδὲ ἔοικε τεὸν ἔπος ἀρνήσασθαι ·,VERB,AUX,PART,trf,ἐστί copula -> AUX under UD-style convention (older AGDT-style tagsets would call it VERB instead). [med],ἔστʼ,ἔστʼ,ἔστʼ,,,,,,,,,,,,,,,,,,
pos_all3_different,Posthomerica,urn:cts:greekLit:tlg2046.tlg001.perseus-grc2:12.521,δεῖμʼ,ἀλλʼ οὐ [[δεῖμʼ]] ἀλεγεινὸν ὑπὸ Τρώων φρένας ἷξε,VERB,NOUN,PART,trf,"δεῖμα 'fear, terror', subj of ἷξε -> NOUN. [high]",δεῖμʼ,δεῖμʼ,δεῖμʼ,,,,,,,,,,,,,,,,,,
pos_all3_different,Dionysiaca,urn:cts:greekLit:tlg2045.tlg001.perseus-grc2:18.98,εἰλαπίνης,[[εἰλαπίνης]] δρηστῆρες · ἐδαιτρεύοντο δὲ ταῦροι,ADJ,NOUN,ADV,trf,"εἰλαπίνης gen 'of the banquet', governs δρηστῆρες -> NOUN. [high]",εἰλαπίνη,εἰλαπίνη,εἰλαπίνης,,,,,,,,,,,,,,,,,,
pos_all3_different,Iliad,urn:cts:greekLit:tlg0012.tlg001.perseus-grc2:17.186,ὄφρʼ,[[ὄφρʼ]] ἂν ἐγὼν Ἀχιλῆος ἀμύμονος ἔντεα δύω,ADV,SCONJ,CCONJ,trf,ὄφρα purpose clause -> SCONJ. [high],ὄφρʼ,ὄφρʼ,ὄφρʼ,,,,,,,,,,,,,,,,,,
pos_all3_different,Odyssey,urn:cts:greekLit:tlg0012.tlg002.perseus-grc2:3.466,λίπʼ,"αὐτὰρ ἐπεὶ λοῦσέν τε καὶ ἔχρισεν [[λίπʼ]] ἐλαίῳ ,",NOUN,ADV,ADJ,trf,λίπα 'richly' modifying ἔχρισεν -> ADV. [high],λίπʼ,λίπʼ,λίπʼ,,,,,,,,,,,,,,,,,,
pos_all3_different,Odyssey,urn:cts:greekLit:tlg0012.tlg002.perseus-grc2:16.19,ἔπʼ,"μοῦνον τηλύγετον , τῷ [[ἔπʼ]] ἄλγεα πολλὰ μογήσῃ ,",ADV,ADP,PART,trf,"ἐπί in anastrophe governing dat τῷ, 'for/on account of' -> ADP. [high]",ἔπʼ,ἔπʼ,ἔπʼ,,,,,,,,,,,,,,,,,,
pos_2v1_lg_odd,Argonautica,urn:cts:greekLit:tlg0001.tlg001.perseus-grc2:2.688,ἠῷος,"[[ἠῷος]] μετιών · τὰ δὲ ῥέξομεν οἷα πάρεστιν ,",VERB,NOUN,NOUN,trf+odycy,"ἠῷος substantivized 'at dawn' -> NOUN defensible though ADJ also arguable (predicate use); no model chose ADV either. CWF: I'd say predicate adjective, used adverbially. Noun seems like a weird call to me but I guess so?",ἠῷος,ἠῷος,ἠῷς,,,,,,,,,,,,,,,,,,
pos_2v1_lg_odd,Argonautica,urn:cts:greekLit:tlg0001.tlg001.perseus-grc2:2.596,αἱ,Πληγάσι δινήεις εἶχεν ῥόος · [[αἱ]] δʼ ἑκάτερθεν,DET,PRON,PRON,trf+odycy,"αἱ standing alone as subject 'they' (not modifying a noun) -> PRON, not DET. [high]",ὁ,ὁ,ὁ,,,,,,,,,,,,,,,,,,
pos_2v1_lg_odd,Iliad,urn:cts:greekLit:tlg0012.tlg001.perseus-grc2:10.413,τοὶ,[[τοὶ]] γὰρ ἐγώ τοι ταῦτα μάλʼ ἀτρεκέως καταλέξω .,PRON,PART,PART,trf+odycy,τοι enclitic emphatic particle -> PART; odycy's lemma τοι is also more accurate than trf's ὁ. [high],ὁ,ὁ,τοι,,,,,,,,,,,,,,,,,,
pos_2v1_lg_odd,Iliad,urn:cts:greekLit:tlg0012.tlg001.perseus-grc2:19.96,φασʼ,ἀνδρῶν ἠδὲ θεῶν [[φασʼ]] ἔμμεναι · ἀλλʼ ἄρα καὶ τὸν,ADJ,VERB,VERB,trf+odycy,φασί 'they say' -> VERB. [high],φασʼ,φασʼ,φασʼ,,,,,,,,,,,,,,,,,,
pos_2v1_lg_odd,Odyssey,urn:cts:greekLit:tlg0012.tlg002.perseus-grc2:21.431,καὶ,ἦ [[καὶ]] ἐπʼ ὀφρύσι νεῦσεν · ὁ δʼ ἀμφέθετο ξίφος ὀξὺ,ADV,CCONJ,CCONJ,trf+odycy,καί joining ἦ ... νεῦσεν -> CCONJ. [high],καί,καί,καί,,,,,,,,,,,,,,,,,,
pos_2v1_lg_odd,Odyssey,urn:cts:greekLit:tlg0012.tlg002.perseus-grc2:18.265,ἁλώω,"τῷ οὐκ οἶδʼ ἤ κέν μʼ ἀνέσει θεός , ἦ κεν [[ἁλώω]]",NOUN,VERB,VERB,trf+odycy,"ἁλώω 'I may be captured', aor subj of ἁλίσκομαι -> VERB. [high]",ἁλίσκομαι,ἁλίσκομαι,ἁλώω,,,,,,,,,,,,,,,,,,
pos_2v1_lg_odd,Sack of Troy,urn:cts:greekLit:tlg0647.tlg001.perseus-grc2:57,καὶ,ἤδη [[καὶ]] βουλῇσι θεῆς ὑποεργὸς Ἐπειὸς,CCONJ,ADV,ADV,trf+odycy,καί 'also/too' with no coordinated clause -> ADV. [med],καί,καί,καί,,,,,,,,,,,,,,,,,,
pos_2v1_lg_odd,Sack of Troy,urn:cts:greekLit:tlg0647.tlg001.perseus-grc2:199,ἀκμῆτες,ἀτλήτους ἀνέχοντο πόνους [[ἀκμῆτες]] Ἀχαιοί .,ADJ,NOUN,NOUN,lg,"ἀκμῆτες 'unwearied' directly modifies Ἀχαιοί -> ADJ, not substantivized NOUN. lg is right here, trf+odycy wrong. [high]",ἀκμής,ἀκμής,ἀκμής,,,,,,,,,,,,,,,,,,
pos_2v1_lg_odd,Dionysiaca,urn:cts:greekLit:tlg2045.tlg001.perseus-grc2:14.355,ἡ,[[ἡ]] δὲ δαφοινήεντος ἐφιμείρουσα κυδοιμοῦ,DET,PRON,PRON,trf+odycy,ἡ standing alone as subject 'she' -> PRON. [high],ὁ,ὁ,ὁ,,,,,,,,,,,,,,,,,,
pos_2v1_lg_odd,Dionysiaca,urn:cts:greekLit:tlg2045.tlg001.perseus-grc2:1.433,ἠχοῦς,χερσὶν ἀδουπήτοισιν ἐθήμονος ἄμμορος [[ἠχοῦς]],ADJ,NOUN,NOUN,trf+odycy (POS) / lg+trf (lemma),"ἠχοῦς, gen sg of ἠχώ 'sound/echo' (contract ω-stem noun), obj of ἄμμορος -> POS: NOUN, trf+odycy correct, lg=ADJ wrong. LEMMA: citation form is ἠχώ (nom sg) -- lg and trf both correctly resolve it despite lg's wrong POS; odycy's 'lemma' ἠχοῦς is the unresolved raw genitive form, not a real resolution. Same failure shape as row 28 (θάμβευς) -- second instance of odycy getting POS right but failing lemma specifically on an irregular/contract noun where genitive looks unlike the nominative citation form. Not the elision bug (this token isn't elided). [high]",ἠχώ,ἠχώ,ἠχοῦς,,,,,,,,,,,,,,,,,,
pos_2v1_lg_odd,Posthomerica,urn:cts:greekLit:tlg2046.tlg001.perseus-grc2:1.561,ἀλλʼ,"γείνατʼ ἀνήρ , [[ἀλλʼ]] αὐτὸς Ἄρης ἀκόρητος ὁμοκλῆς ·",ADJ,CCONJ,CCONJ,trf+odycy,ἀλλά adversative joining clauses -> CCONJ. [high],ἀλλʼ,ἀλλʼ,ἀλλʼ,,,,,,,,,,,,,,,,,,
pos_2v1_lg_odd,Posthomerica,urn:cts:greekLit:tlg2046.tlg001.perseus-grc2:4.303,οὔτι,"ὦ φίλοι , [[οὔτι]] ἔοικε δαήμονος ἄνδρας ἀϋτῆς",ADJ,ADV,ADV,trf+odycy,οὔτι 'not at all' -> ADV. [high],οὔτι,οὔτι,οὔτι,,,,,,,,,,,,,,,,,,
pos_2v1_lg_odd,Dionysiaca,urn:cts:greekLit:tlg2045.tlg001.perseus-grc2:25.183,ἀκαμπέι,ἄρσενα θῆρα δάμασσεν [[ἀκαμπέι]] θήλεϊ δεσμῷ ·,NOUN,ADJ,ADJ,trf+odycy,ἀκαμπέι modifies θήλεϊ δεσμῷ -> ADJ. [high],ἀκαμπής,ἀκαμπής,ἀκαμπής,,,,,,,,,,,,,,,,,,
pos_2v1_lg_odd,Dionysiaca,urn:cts:greekLit:tlg2045.tlg001.perseus-grc2:35.53,πόρες,"ἀμφαφόων ἐμὀν ἕλκος , ὅ μοι [[πόρες]] . ἐρρέτω αἰχμή ,",NOUN,VERB,VERB,trf+odycy,"πόρες 'you gave', aor of πόρω -> VERB. Another example of lg getting lemma right and POS wrong, odycy getting lemma wrong and POS right, and only trf correct in both fields. [high]",πόρες,πόρες,πόρον,,,,,,,,,,,,,,,,,,
pos_2v1_lg_odd,Posthomerica,urn:cts:greekLit:tlg2046.tlg001.perseus-grc2:5.116,κουλεῷ,[[κουλεῷ]] ᾧ ἔπι κώπη ἀρηραμένη ἐλέφαντος,ADJ,NOUN,NOUN,trf+odycy,κουλεῷ (Ionic κολεόν) 'sheath' -> NOUN. Only trf has both POS and lemma correct. [high],κολεόν,κολεόν,κουλεῷ,,,,,,,,,,,,,,,,,,
pos_2v1_lg_odd,Dionysiaca,urn:cts:greekLit:tlg2045.tlg001.perseus-grc2:48.927,παιδοκόμῳ,[[παιδοκόμῳ]] κούφιζεν ἀήθεϊ κοῦρον ἀγοστῷ .,NOUN,ADJ,ADJ,trf+odycy,παιδοκόμῳ modifies ἀγοστῷ -> ADJ. [high],παιδοκόμος,παιδοκόμος,παιδοκόμος,,,,,,,,,,,,,,,,,,
pos_2v1_lg_odd,Dionysiaca,urn:cts:greekLit:tlg2045.tlg001.perseus-grc2:9.298,ὀλόλυξε,πενθαλέης [[ὀλόλυξε]] βεβυσμένος οἶκος ἀνίης ·,ADJ,VERB,VERB,trf+odycy,ὀλόλυξε 'cried aloud' -> VERB. only trf has both lemma and POS correct. [high],ὀλολύζω,ὀλολύζω,ὀλόλυσσω,,,,,,,,,,,,,,,,,,
pos_2v1_lg_odd,Dionysiaca,urn:cts:greekLit:tlg2045.tlg001.perseus-grc2:23.319,θύρσος,Ἰνδοὺς [[θύρσος]] ἔπεφνε καὶ ἔφλεγε πυρσὸς Ὑδάσπην .,ADJ,NOUN,NOUN,trf+odycy,θύρσος subj of ἔπεφνε -> NOUN. [high],θύρσος,θύρσος,θύρσος,,,,,,,,,,,,,,,,,,
pos_2v1_lg_odd,Argonautica,urn:cts:greekLit:tlg0001.tlg001.perseus-grc2:1.1132,λιτῇσιν,πολλὰ δὲ τήνγε [[λιτῇσιν]] ἀποστρέψαι ἐριώλας,ADJ,NOUN,NOUN,trf+odycy,λιτῇσιν dat pl 'with prayers' -> NOUN. [high],λιτή,λιτή,λιτή,,,,,,,,,,,,,,,,,,
pos_2v1_lg_odd,Argonautica,urn:cts:greekLit:tlg0001.tlg001.perseus-grc2:4.49,τήνγε,"[[τήνγε]] φυλακτήρων , λάθε δέ σφεας ὁρμηθεῖσα .",ADV,PRON,PRON,trf+odycy,"τήνγε 'her', standalone pronoun -> PRON. Only odycy has lemma correct. [high]",τήνγε,τήνγε,ὅγε,,,,,,,,,,,,,,,,,,
pos_2v1_lg_odd,Posthomerica,urn:cts:greekLit:tlg2046.tlg001.perseus-grc2:2.157,μεταδαίνυσο,"αὐτὸς ὅπως ἐθέλεις [[μεταδαίνυσο]] , πείθεο δʼ αὐτῷ ·",ADV,VERB,VERB,trf+odycy,μεταδαίνυσο imperative 'share in the feast' -> VERB. Only trf has both lemma and POS [high],μεταδαίνυμαι,μεταδαίνυμαι,μεταδαίνυσο,,,,,,,,,,,,,,,,,,
pos_2v1_lg_odd,Dionysiaca,urn:cts:greekLit:tlg2045.tlg001.perseus-grc2:33.231,ἀσιγήτοισιν,"εἶχεν [[ἀσιγήτοισιν]] ἀήθεα χείλεσι σιγήν ,",NOUN,ADJ,ADJ,trf+odycy,ἀσιγήτοισιν modifies χείλεσι -> ADJ. [high],ἀσίγητος,ἀσίγητος,ἀσιγήτος,,,,,,,,,,,,,,,,,,
pos_2v1_lg_odd,Odyssey,urn:cts:greekLit:tlg0012.tlg002.perseus-grc2:15.505,ἐμὰ,ἑσπέριος δʼ εἰς ἄστυ ἰδὼν [[ἐμὰ]] ἔργα κάτειμι .,DET,ADJ,ADJ,"ambiguous (lg unstable, not principled)","ἐμά possessive modifying ἔργα. Originally called this a DET(lg)-vs-ADJ(trf/odycy) tagset-convention split, but corpus-wide check disproves that: across 2302 possessive-pronoun-family tokens (ἐμός/σός/ἡμέτερος/ὑμέτερος/σφέτερος), lg agrees ADJ with trf/odycy 72% of the time and only produces DET ~2.3% of the time -- and the exact surface form ἐμὰ itself gets DET/PRON/ADJ from lg across different occurrences in the corpus. So this is lg being internally inconsistent on this closed word class, not applying a different principled convention. No clear winner since there's no stable rule to evaluate against. [med]",ἐμός,ἐμός,ἐμός,,,,,,,,,,,,,,,,,,
pos_2v1_lg_odd,Odyssey,urn:cts:greekLit:tlg0012.tlg002.perseus-grc2:5.128,ἀργῆτι,"Ζεύς , ὅς μιν κατέπεφνε βαλὼν [[ἀργῆτι]] κεραυνῷ .",ADJ,NOUN,NOUN,lg,"ἀργῆτι directly modifies κεραυνῷ -> ADJ, not substantivized. lg right, trf+odycy wrong. [high]",ἀργής,ἀργής,ἀργῆς,,,,,,,,,,,,,,,,,,
pos_2v1_lg_odd,Argonautica,urn:cts:greekLit:tlg0001.tlg001.perseus-grc2:2.632,ἐξότε,"[[ἐξότε]] τὸ πρώτιστον ἐμὴν χάριν ἠγερέθεσθε ,",ADV,SCONJ,SCONJ,trf+odycy,ἐξότε 'ever since' introducing temporal clause w/ finite verb -> SCONJ. [high],ἐξότε,ἐξότε,ἐξότε,,,,,,,,,,,,,,,,,,
pos_2v1_lg_odd,Dionysiaca,urn:cts:greekLit:tlg2045.tlg001.perseus-grc2:45.108,καὶ,[[καὶ]] πολὺς ἔνθα καὶ ἔνθα δορικτήτων ἀπὸ νηῶν,ADV,CCONJ,CCONJ,trf+odycy,καί clause-initial linking to preceding narrative -> CCONJ. [med],καί,καί,καί,,,,,,,,,,,,,,,,,,
pos_2v1_lg_odd,Iliad,urn:cts:greekLit:tlg0012.tlg001.perseus-grc2:16.719,ναίεσκε,ὃς Φρυγίῃ [[ναίεσκε]] ῥοῇς ἔπι Σαγγαρίοιο ·,ADJ,VERB,VERB,trf+odycy,ναίεσκε iterative impf of ναίω 'used to dwell' -> VERB. [high],ναίω,ναίω,ναίω,,,,,,,,,,,,,,,,,,
pos_2v1_lg_odd,Dionysiaca,urn:cts:greekLit:tlg2045.tlg001.perseus-grc2:43.208,διερῆς,ἡμιτελής · [[διερῆς]] δὲ παρήορος ἰξύος ὁλκῷ,NOUN,ADJ,ADJ,trf+odycy,διερῆς modifies ἰξύος -> ADJ. [high],διερός,διερός,διερῆς,,,,,,,,,,,,,,,,,,
pos_2v1_lg_odd,Odyssey,urn:cts:greekLit:tlg0012.tlg002.perseus-grc2:10.253,περισκέπτῳ,"ξεστοῖσιν λάεσσι , [[περισκέπτῳ]] ἐνὶ χώρῳ .",VERB,ADJ,ADJ,trf+odycy,περισκέπτῳ modifies χώρῳ -> ADJ. Only trf has the lemma right. [high],περίσκεπτος,περίσκεπτος,περισκέπτῳ,,,,,,,,,,,,,,,,,,
pos_2v1_lg_odd,Posthomerica,urn:cts:greekLit:tlg2046.tlg001.perseus-grc2:8.129,πουλὺς,αἰὲν ἐπεσσυμένοιο κατήριπε [[πουλὺς]] ὅμιλος ·,NOUN,ADJ,ADJ,trf+odycy,πουλὺς modifies ὅμιλος -> ADJ. All three got lemma wrong: should be πολύς [high],πουλὺς,πουλύς,πουλὺς,,,,,,,,,,,,,,,,,,
pos_2v1_odycy_odd,Argonautica,urn:cts:greekLit:tlg0001.tlg001.perseus-grc2:4.958,ὕπερθεν,"Ἥφαιστος θηεῖτο , καὶ αἰγλήεντος [[ὕπερθεν]]",ADP,ADP,ADV,lg+trf,ὕπερθεν 'above' construable w/ gen αἰγλήεντος (anastrophe) -> ADP; odycy's ADV is defensible too when read absolutely. [med],ὕπερθεν,ὕπερθεν,ὕπερθεν,,,,,,,,,,,,,,,,,,
pos_2v1_odycy_odd,Argonautica,urn:cts:greekLit:tlg0001.tlg001.perseus-grc2:1.392,σκαλμοῖς,[[σκαλμοῖς]] δʼ ἀμφὶς ἐρετμὰ κατήρτυον · ἐν δέ οἱ ἱστὸν,NOUN,NOUN,ADJ,lg+trf,"σκαλμοῖς 'thole-pins', obj of κατήρτυον-adjacent -> NOUN. [high]",σκαλμός,σκαλμός,σκαλμοῖς,,,,,,,,,,,,,,,,,,
pos_2v1_odycy_odd,Iliad,urn:cts:greekLit:tlg0012.tlg001.perseus-grc2:20.269,ἄρʼ,"ἀλλὰ δύω μὲν ἔλασσε διὰ πτύχας , αἳ δʼ [[ἄρʼ]] ἔτι τρεῖς",PART,PART,ADV,lg+trf,"ἄρα discourse particle -> PART (standard epic-particle tagging), not ADV. both failed to identify lemma correctly: trf fell back on elided form; lg hallucinated a nonsense lemma [high]",ἄρʼς,ἄρʼ,ἄρʼ,,,,,,,,,,,,,,,,,,
pos_2v1_odycy_odd,Iliad,urn:cts:greekLit:tlg0012.tlg001.perseus-grc2:13.837,δʼ,ἠχὴ [[δʼ]] ἀμφοτέρων ἵκετʼ αἰθέρα καὶ Διὸς αὐγάς .,PART,PART,ADP,lg+trf,"δέ postpositive particle -> PART, not ADP. Neither got the lemma right (elision) [high]",δʼ,δʼ,δʼ,,,,,,,,,,,,,,,,,,
pos_2v1_odycy_odd,Odyssey,urn:cts:greekLit:tlg0012.tlg002.perseus-grc2:4.574,θʼ,"δόρπον [[θʼ]] ὁπλισάμεσθʼ , ἐπί τʼ ἤλυθεν ἀμβροσίη νύξ ,",PART,PART,ADV,lg+trf,"τε connective particle -> PART, not ADV. neither got the lemma right (elision) [high]",θʼ,θʼ,θʼ,,,,,,,,,,,,,,,,,,
pos_2v1_odycy_odd,Odyssey,urn:cts:greekLit:tlg0012.tlg002.perseus-grc2:4.634,χρεὼ,νῆά μοι οἴχετʼ ἄγων · ἐμὲ δὲ [[χρεὼ]] γίγνεται αὐτῆς,ADJ,ADJ,NOUN,odycy,"χρεώ is subject of γίγνεται ('need arises to me') -> NOUN, not predicate ADJ. lg+trf wrong. [med]",χρεώ,χρεώ,χρεώ,,,,,,,,,,,,,,,,,,
pos_2v1_odycy_odd,Sack of Troy,urn:cts:greekLit:tlg0647.tlg001.perseus-grc2:559,οἷα,"παννυχίη δʼ ἐχόρευσεν ἀνὰ πτόλιν , [[οἷα]] θύελλα ,",ADJ,ADJ,ADV,odycy,"οἷα used comparatively 'like a whirlwind', not modifying a noun -> ADV, not ADJ. lg+trf wrong. [med]",οἷος,οἷος,οἷα,,,,,,,,,,,,,,,,,,
pos_2v1_odycy_odd,Sack of Troy,urn:cts:greekLit:tlg0647.tlg001.perseus-grc2:428,δʼ,"ἕλκεται , οὐ ξιφέων σελαγή , σιγῶσι [[δʼ]] ὀιστοί ,",PART,PART,CCONJ,lg+trf,"δέ postpositive particle -> PART, not CCONJ. [high]",δʼ,δʼ,δʼ,,,,,,,,,,,,,,,,,,
pos_2v1_odycy_odd,Dionysiaca,urn:cts:greekLit:tlg2045.tlg001.perseus-grc2:38.430,δὲ,"Ζηνὸς ἐπαινήσαντος , ἐν ἀστερόεντι [[δὲ]] κύκλῳ",PART,PART,CCONJ,lg+trf,"δέ postpositive particle -> PART, not CCONJ. [high]",δέ,δέ,δέ,,,,,,,,,,,,,,,,,,
pos_2v1_odycy_odd,Dionysiaca,urn:cts:greekLit:tlg2045.tlg001.perseus-grc2:13.235,ναέται,καὶ [[ναέται]] Ῥυτίοιο καὶ εὐκάρποιο Λυκάστου,NOUN,NOUN,VERB,lg+trf,"ναέται 'inhabitants', subj -> NOUN. [high]",ναέτης,ναέτης,ναέται,,,,,,,,,,,,,,,,,,
pos_2v1_odycy_odd,Posthomerica,urn:cts:greekLit:tlg2046.tlg001.perseus-grc2:14.20,ἐϋμμελίης,Κασσάνδρην δʼ ἄγε δῖαν [[ἐϋμμελίης]] Ἀγαμέμνων ·,ADJ,ADJ,NOUN,lg+trf,ἐϋμμελίης epithet modifying Ἀγαμέμνων -> ADJ. [high],ἐυμμελίης,ἐυμμελίης,ἐυμμελίης,,,,,,,,,,,,,,,,,,
pos_2v1_odycy_odd,Posthomerica,urn:cts:greekLit:tlg2046.tlg001.perseus-grc2:3.608,Ἠριγένεια,"γηθείτω ῥοδόπεπλος ἀνʼ οὐρανόν [[Ἠριγένεια]] ,",NOUN,NOUN,ADJ,lg+trf,"Ἠριγένεια used as name/subject (Dawn personified) -> NOUN (proper), not ADJ. [high]",Ἠριγένεια,Ἠριγένεια,ἠριγένεια,,,,,,,,,,,,,,,,,,
pos_2v1_odycy_odd,Dionysiaca,urn:cts:greekLit:tlg2045.tlg001.perseus-grc2:3.211,ἥλικι,Δευκαλίων ὅτε μοῦνος ὁμόστολος [[ἥλικι]] Πύρρῃ,ADJ,ADJ,NOUN,ambiguous,ἥλικι in apposition to proper name Πύρρῃ -- ADJ (lexical class) vs NOUN (substantival apposition 'agemate') both defensible. [low],ἧλιξ,ἧλιξ,ἥλικι,,,,,,,,,,,,,,,,,,
pos_2v1_odycy_odd,Argonautica,urn:cts:greekLit:tlg0001.tlg001.perseus-grc2:2.651,Μέλαιναν,"ἄκρην δʼ οὐ μετὰ δηθὰ παρεξενέοντο [[Μέλαιναν]] ,",NOUN,NOUN,ADJ,lg+trf,Μέλαιναν toponym (place name) -> NOUN; odycy misses the proper-noun reading. trf's lemma capture (Μέλαινα) also cleaner than lg's. [high],Μέλαιναν,Μέλαινα,μέλας,,,,,,,,,,,,,,,,,,
pos_2v1_odycy_odd,Iliad,urn:cts:greekLit:tlg0012.tlg001.perseus-grc2:1.23,θʼ,αἰδεῖσθαί [[θʼ]] ἱερῆα καὶ ἀγλαὰ δέχθαι ἄποινα ·,PART,PART,ADP,lg+trf,"τε connective particle -> PART, not ADP. [high]",θʼ,θʼ,θʼ,,,,,,,,,,,,,,,,,,
pos_2v1_odycy_odd,Dionysiaca,urn:cts:greekLit:tlg2045.tlg001.perseus-grc2:48.479,μογέων,"καὶ [[μογέων]] ἔκρυπτεν ἑὸν πόθον , οὐδʼ ἐνὶ λόχμαις",VERB,VERB,NOUN,lg+trf,μογέων circumstantial participle 'toiling' -> VERB. [high],μογέω,μογέω,μογέω,,,,,,,,,,,,,,,,,,
pos_2v1_odycy_odd,Dionysiaca,urn:cts:greekLit:tlg2045.tlg001.perseus-grc2:39.8,ἀκλύστῳ,"[[ἀκλύστῳ]] Ῥαδαμᾶνες ἐναυτίλλοντο θαλάσσῃ ,",ADJ,ADJ,NOUN,lg+trf,ἀκλύστῳ modifies θαλάσσῃ -> ADJ. [high],ἄκλυστος,ἄκλυστος,ἀκλύστος,,,,,,,,,,,,,,,,,,
pos_2v1_odycy_odd,Posthomerica,urn:cts:greekLit:tlg2046.tlg001.perseus-grc2:1.653,καὶ,"βήμεναι ἐς πόλεμον , τόν περ τρομέουσι [[καὶ]] ἄνδρες .",CCONJ,CCONJ,ADV,odycy,"καὶ ἄνδρες = scalar/focus 'even men', no coordinated clause -> ADV, not CCONJ. lg+trf wrong. [med]",καί,καί,καί,,,,,,,,,,,,,,,,,,
pos_2v1_odycy_odd,Dionysiaca,urn:cts:greekLit:tlg2045.tlg001.perseus-grc2:37.668,δισκοβόλους,[[δισκοβόλους]] Διόνυσος ἀκοντιστῆρας ἐπείγων ·,ADJ,ADJ,NOUN,lg+trf,δισκοβόλους modifies ἀκοντιστῆρας -> ADJ. [high],δισκοβόλος,δισκοβόλος,δισκοβόλος,,,,,,,,,,,,,,,,,,
pos_2v1_odycy_odd,Iliad,urn:cts:greekLit:tlg0012.tlg001.perseus-grc2:2.375,ἄλγεʼ,"ἀλλά μοι αἰγίοχος Κρονίδης Ζεὺς [[ἄλγεʼ]] ἔδωκεν ,",NOUN,NOUN,ADV,lg+trf,ἄλγεʼ obj of ἔδωκεν -> NOUN. [high],ἄλγεʼ,ἄλγεʼ,ἄλγεʼ,,,,,,,,,,,,,,,,,,
pos_2v1_trf_odd,Argonautica,urn:cts:greekLit:tlg0001.tlg001.perseus-grc2:4.1056,οὐδὲ,φάσγανά τʼ ἐκ κολεῶν . [[οὐδὲ]] σχήσεσθαι ἀρωγῆς,CCONJ,PART,CCONJ,lg+odycy,"οὐδέ 'nor' joining clauses -> CCONJ, not PART. [high]",οὐδέ,οὐδέ,οὐδέ,,,,,,,,,,,,,,,,,,
pos_2v1_trf_odd,Iliad,urn:cts:greekLit:tlg0012.tlg001.perseus-grc2:1.32,μʼ,ἀλλʼ ἴθι μή [[μʼ]] ἐρέθιζε σαώτερος ὥς κε νέηαι .,PART,PRON,PART,trf,"με 'me', obj of ἐρέθιζε -> PRON, unambiguously a personal-pronoun object, not PART. lg+odycy wrong. [high]",μʼ,μʼ,μʼ,,,,,,,,,,,,,,,,,,
pos_2v1_trf_odd,Odyssey,urn:cts:greekLit:tlg0012.tlg002.perseus-grc2:24.466,πείθοντʼ,[[πείθοντʼ]] · αἶψα δʼ ἔπειτʼ ἐπὶ τεύχεα ἐσσεύοντο .,ADV,VERB,ADV,trf,"πείθοντο 'they were obeying', impf mid of πείθω -> VERB. lg+odycy's ADV is clearly wrong. [high]",πείθοντʼ,πείθοντʼ,πείθοντʼ,,,,,,,,,,,,,,,,,,
pos_2v1_trf_odd,Sack of Troy,urn:cts:greekLit:tlg0647.tlg001.perseus-grc2:447,δʼ,ἀθάνατοι [[δʼ]] ἀνένευον ἀνηνύστους ἑκατόμβας .,PART,CCONJ,PART,lg+odycy,"δέ postpositive particle -> PART, not CCONJ. [high]",δʼ,δʼ,δʼ,,,,,,,,,,,,,,,,,,
pos_2v1_trf_odd,Dionysiaca,urn:cts:greekLit:tlg2045.tlg001.perseus-grc2:1.109,βατὸν,χερσαίοις ἀνέμοισι [[βατὸν]] πλόον ἐν χθονὶ τεύχων .,NOUN,ADJ,NOUN,trf,βατόν modifies πλόον 'a passable route' -> ADJ. lg+odycy wrong. [high],βατός,βατός,βατὸς,,,,,,,,,,,,,,,,,,
pos_2v1_trf_odd,Posthomerica,urn:cts:greekLit:tlg2046.tlg001.perseus-grc2:8.423,οὐδὲ,"[[οὐδὲ]] μὲν οἵ γʼ ἀπάνευθε πόνων ἔσαν , ἀλλʼ ἄρα καὶ τῶν",ADV,PART,ADV,none,"οὐδέ 'nor' still joins clauses here -> CCONJ; lg=ADV, trf=PART, odycy=ADV all miss it. [med]",οὐδέ,οὐδέ,οὐδέ,,,,,,,,,,,,,,,,,,
pos_2v1_trf_odd,Dionysiaca,urn:cts:greekLit:tlg2045.tlg001.perseus-grc2:3.403,μαιάδι,"ἀμφοτέρους εὕδοντας ἐκοίμισε [[μαιάδι]] τέχνῃ ,",ADJ,NOUN,ADJ,lg+odycy,"μαιάδι modifies τέχνῃ -> ADJ, not NOUN. [high]",μαιάς,μαιάς,μαιάς,,,,,,,,,,,,,,,,,,
pos_2v1_trf_odd,Posthomerica,urn:cts:greekLit:tlg2046.tlg001.perseus-grc2:8.294,ἐϋμμελίην,"καὶ κρατερὸν Περίλαον [[ἐϋμμελίην]] τε Μενάλκην ,",NOUN,ADJ,NOUN,trf,ἐϋμμελίην epithet modifying Μενάλκην -> ADJ (same epithet correctly tagged ADJ by lg/trf at row 82). lg+odycy wrong here. [high],ἐϋμμελίας,ἐϋμμελίην,ἐϋμμελία,,,,,,,,,,,,,,,,,,
pos_2v1_trf_odd,Iliad,urn:cts:greekLit:tlg0012.tlg001.perseus-grc2:4.212,ὃ,"κυκλόσʼ , [[ὃ]] δʼ ἐν μέσσοισι παρίστατο ἰσόθεος φώς ,",PRON,DET,PRON,lg+odycy,"ὅ standing alone as subject 'he' -> PRON, not DET. [high]",ὁ,ὁ,ὁ,,,,,,,,,,,,,,,,,,
pos_2v1_trf_odd,Odyssey,urn:cts:greekLit:tlg0012.tlg002.perseus-grc2:1.384,Τηλέμαχʼ,"[[Τηλέμαχʼ]] , ἦ μάλα δή σε διδάσκουσιν θεοὶ αὐτοὶ",ADV,NOUN,ADV,trf,Τηλέμαχʼ vocative address 'Telemachus!' -> NOUN (proper name). lg+odycy's ADV is a clear tagging failure on the vocative form. [high],Τηλέμαχʼ,Τηλέμαχʼ,Τηλέμαχʼ,,,,,,,,,,,,,,,,,,
morph_gender_disagree,Argonautica,urn:cts:greekLit:tlg0001.tlg001.perseus-grc2:2.775,τόσσον,πείρετʼ ἐς Αἰήτην [[τόσσον]] πλόον . εὖ γὰρ ἐγώ μιν,ADJ,ADJ,ADJ,lg+odycy,τόσσον agrees w/ πλόον (masc noun ὁ πλόος) -> Masc. [high],,,,Masc,Neut,Masc,,,,,,,,,,,,,,,
morph_gender_disagree,Argonautica,urn:cts:greekLit:tlg0001.tlg001.perseus-grc2:4.862,σὺ,"ἀλλὰ [[σὺ]] μή τῳ ἐμὸν δείξῃς δέμας , εὖτʼ ἂν ἴδηαι",PRON,PRON,PRON,ambiguous,"σύ has no morphological gender; lg leaving it blank is arguably most correct, trf/odycy's Fem is a referent-based inference (addressee plausibly female). [low]",,,,,Fem,Fem,,,,,,,,,,,,,,,
morph_gender_disagree,Iliad,urn:cts:greekLit:tlg0012.tlg001.perseus-grc2:19.143,τοι,δῶρα δέ [[τοι]] θεράποντες ἐμῆς παρὰ νηὸς ἑλόντες,PRON,PRON,PRON,ambiguous,"σοι/τοι has no morphological gender; addressee here is male (Achilles) so trf/odycy's referent-based Masc is plausible, but this is inference not morphology. [low]",,,,,Masc,Masc,,,,,,,,,,,,,,,
morph_gender_disagree,Iliad,urn:cts:greekLit:tlg0012.tlg001.perseus-grc2:19.421,ὅ,εὖ νυ τὸ οἶδα καὶ αὐτὸς [[ὅ]] μοι μόρος ἐνθάδʼ ὀλέσθαι,PRON,PRON,PRON,lg+odycy,ὅ introduces a clause referring back to an abstract fact ('that it is my fate...') -> Neut. [high],,,,Neut,Masc,Neut,,,,,,,,,,,,,,,
morph_gender_disagree,Odyssey,urn:cts:greekLit:tlg0012.tlg002.perseus-grc2:4.259,ἐμὸν,ἔνθʼ ἄλλαι Τρῳαὶ λίγʼ ἐκώκυον · αὐτὰρ [[ἐμὸν]] κῆρ,ADJ,ADJ,ADJ,lg+odycy,ἐμόν agrees w/ κῆρ (neut noun τὸ κῆρ) -> Neut. [high],,,,Neut,Masc,Neut,,,,,,,,,,,,,,,
morph_gender_disagree,Odyssey,urn:cts:greekLit:tlg0012.tlg002.perseus-grc2:5.456,ἄναυδος,ἂν στόμα τε ῥῖνάς θʼ · ὁ δʼ ἄρʼ ἄπνευστος καὶ [[ἄναυδος]],ADJ,ADJ,ADJ,trf+odycy,ἄναυδος agrees w/ masc subject (ὁ) -> Masc. [high],,,,Fem,Masc,Masc,,,,,,,,,,,,,,,
morph_gender_disagree,Sack of Troy,urn:cts:greekLit:tlg0647.tlg001.perseus-grc2:200,ἵππου,τοῖσι δʼ ἐπεκλήισσε θύρην ἐγκύμονος [[ἵππου]],NOUN,NOUN,NOUN,trf,ἐγκύμονος ἵππου 'pregnant horse' -- deliberate feminine ('mare') imagery for the Trojan Horse; lg+odycy default to masc ὁ ἵππος. [med] REVIEW,,,,Masc,Fem,Masc,,,,,,,,,,,,,,,
morph_gender_disagree,Sack of Troy,urn:cts:greekLit:tlg0647.tlg001.perseus-grc2:7,ἀκόρητος,γηραλέη τετάνυστο φόνων [[ἀκόρητος]] Ἐνυὼ,ADJ,ADJ,ADJ,trf,"ἀκόρητος agrees w/ Ἐνυὼ (goddess, fem) -> Fem. lg+odycy wrong. [high]",,,,Masc,Fem,Masc,,,,,,,,,,,,,,,
morph_gender_disagree,Dionysiaca,urn:cts:greekLit:tlg2045.tlg001.perseus-grc2:5.343,κακώτερα,χώεται ἰοχέαιρα [[κακώτερα]] Τριτογενείης .,ADJ,ADJ,ADJ,lg+trf,κακώτερα substantive object of χώεται -> Neut. [high],,,,Neut,Neut,Fem,,,,,,,,,,,,,,,
morph_gender_disagree,Dionysiaca,urn:cts:greekLit:tlg2045.tlg001.perseus-grc2:26.11,πάννυχον,[[πάννυχον]] ὕπνον ἔχειν ἀλλότριόν ἐστιν ἀνάκτων ·,ADJ,ADJ,ADJ,lg+trf,πάννυχον agrees w/ ὕπνον (masc noun ὁ ὕπνος) -> Masc. [high],,,,Masc,Masc,Fem,,,,,,,,,,,,,,,
morph_gender_disagree,Posthomerica,urn:cts:greekLit:tlg2046.tlg001.perseus-grc2:10.345,Τυνδαρίδος,"μήδετο , [[Τυνδαρίδος]] στυγερὸν γάμον ἐντύνουσα",NOUN,NOUN,NOUN,lg+trf,Τυνδαρίδος refers to Helen -> Fem. [high],,,,Fem,Fem,Masc,,,,,,,,,,,,,,,
morph_gender_disagree,Posthomerica,urn:cts:greekLit:tlg2046.tlg001.perseus-grc2:12.185,κολώνας,αὐτῶν ἐννεσίῃσι θεῶν ἔριν · οἱ δὲ [[κολώνας]],NOUN,NOUN,NOUN,lg+trf,κολώνας 'hills' from fem noun κολώνη -> Fem. [high],,,,Fem,Fem,Masc,,,,,,,,,,,,,,,
morph_gender_disagree,Dionysiaca,urn:cts:greekLit:tlg2045.tlg001.perseus-grc2:18.114,ὅλῳ,"πορφυρέας ἀκτῖνας [[ὅλῳ]] στίλβοντι προσώπῳ ,",ADJ,ADJ,ADJ,odycy,ὅλῳ agrees w/ προσώπῳ (neut noun τὸ πρόσωπον) -> Neut. lg+trf wrong. [high],,,,Masc,Masc,Neut,,,,,,,,,,,,,,,
morph_gender_disagree,Dionysiaca,urn:cts:greekLit:tlg2045.tlg001.perseus-grc2:31.209,ἀδόκητος,"Θαμβαλέη δʼ [[ἀδόκητος]] ἑῶν ἀνεπήλατο δίφρων ,",ADJ,ADJ,ADJ,trf+odycy,ἀδόκητος agrees w/ implied fem subject (parallel to Θαμβαλέη) -> Fem. [high],,,,Masc,Fem,Fem,,,,,,,,,,,,,,,
morph_gender_disagree,Iliad,urn:cts:greekLit:tlg0012.tlg001.perseus-grc2:6.55,πέπον,"ὦ [[πέπον]] ὦ Μενέλαε , τί ἢ δὲ σὺ κήδεαι οὕτως",ADJ,ADJ,ADJ,lg+odycy,"πέπον is a fixed neuter-form vocative term of endearment regardless of addressee's sex -> Neut (morphological form), not referent-based Masc. [high]",,,,Neut,Masc,Neut,,,,,,,,,,,,,,,
morph_case_disagree,Argonautica,urn:cts:greekLit:tlg0001.tlg001.perseus-grc2:1.676,ἄρειον,"πέμπωμεν ξείνοισιν , ἐπεὶ καὶ [[ἄρειον]] ὀπάσσαι .",ADJ,ADJ,ADJ,odycy,"ἄρειον is obj of ὀπάσσαι -> Acc, not Nom. [high]",,,,,,,Nom,Nom,Acc,,,,,,,,,,,,
morph_case_disagree,Argonautica,urn:cts:greekLit:tlg0001.tlg001.perseus-grc2:4.608,ὕδατα,εὖτʼ ἂν δὲ κλύζῃσι κελαινῆς [[ὕδατα]] λίμνης,NOUN,NOUN,NOUN,trf,ὕδατα reads as subj of κλύζῃσι ('the waters surge') -> Nom; lg+odycy's Acc assumes an unstated external subject. [med],,,,,,,Acc,Nom,Acc,,,,,,,,,,,,
morph_case_disagree,Iliad,urn:cts:greekLit:tlg0012.tlg001.perseus-grc2:24.41,γναμπτὸν,"[[γναμπτὸν]] ἐνὶ στήθεσσι , λέων δʼ ὣς ἄγρια οἶδεν ,",ADJ,ADJ,ADJ,lg+odycy,γναμπτόν most likely obj (of an implied verb/noun phrase) rather than subject -> Acc. [low] REVIEW (context fragment too short to fully confirm),,,,,,,Acc,Nom,Acc,,,,,,,,,,,,
morph_case_disagree,Iliad,urn:cts:greekLit:tlg0012.tlg001.perseus-grc2:8.164,κακὴ,"ἔρρε [[κακὴ]] γλήνη , ἐπεὶ οὐκ εἴξαντος ἐμεῖο",ADJ,ADJ,ADJ,lg+odycy,"κακή γλήνη is a vocative address ('ἔρρε ...!') -> Voc, not Nom. [high]",,,,,,,Voc,Nom,Voc,,,,,,,,,,,,
morph_case_disagree,Odyssey,urn:cts:greekLit:tlg0012.tlg002.perseus-grc2:11.141,κατατεθνηυίης,μητρὸς τήνδʼ ὁρόω ψυχὴν [[κατατεθνηυίης]] ·,VERB,VERB,VERB,trf+odycy,"κατατεθνηυίης agrees w/ μητρός (gen) -> Gen; lg simply has no case value here (gap, not wrong value, but incomplete). [high]",,,,,,,,Gen,Gen,,,,,,,,,,,,
morph_case_disagree,Odyssey,urn:cts:greekLit:tlg0012.tlg002.perseus-grc2:10.470,μακρὰ,"μηνῶν φθινόντων , περὶ δʼ ἤματα [[μακρὰ]] τελέσθη ,",ADJ,ADJ,ADJ,trf+odycy,"μακρά is subj of τελέσθη -> Nom, not Acc. [high]",,,,,,,Acc,Nom,Nom,,,,,,,,,,,,
morph_case_disagree,Sack of Troy,urn:cts:greekLit:tlg0647.tlg001.perseus-grc2:326,στόμα,καὶ [[στόμα]] κεκλήγει Σιμοείσιον · οὐρανίη δὲ,NOUN,NOUN,NOUN,lg+trf,"στόμα is subj of κεκλήγει -> Nom, not Acc. [high]",,,,,,,Nom,Nom,Acc,,,,,,,,,,,,
morph_case_disagree,Sack of Troy,urn:cts:greekLit:tlg0647.tlg001.perseus-grc2:190,χιὼν,"ἠέρα παχνώσασα [[χιὼν]] ἐπάλυνεν ἀρούρας ,",NOUN,NOUN,NOUN,lg+trf,"χιών is subj of ἐπάλυνεν -> Nom, not Gen. [high]",,,,,,,Nom,Nom,Gen,,,,,,,,,,,,
morph_case_disagree,Dionysiaca,urn:cts:greekLit:tlg2045.tlg001.perseus-grc2:37.452,Σκέλμιν,[[Σκέλμιν]] ἔτι προθέοντα παραΐξας ἐλατῆρα .,NOUN,NOUN,NOUN,trf+odycy,"Σκέλμιν is obj of παραΐξας -> Acc, not Nom. [high]",,,,,,,Nom,Acc,Acc,,,,,,,,,,,,
morph_case_disagree,Dionysiaca,urn:cts:greekLit:tlg2045.tlg001.perseus-grc2:21.92,Ῥείη,"πόντιον ἐννοσίγαιον ὀρεστιὰς ὥπλισε [[Ῥείη]] ,",NOUN,NOUN,NOUN,lg+trf,"Ῥείη is subj of ὥπλισε -> Nom, not Dat. [high]",,,,,,,Nom,Nom,Dat,,,,,,,,,,,,
morph_case_disagree,Posthomerica,urn:cts:greekLit:tlg2046.tlg001.perseus-grc2:2.342,ἑϋμμελίης,ὣς δʼ αὕτως ἀπόρουσεν [[ἑϋμμελίης]] Θρασυμήδης,NOUN,NOUN,NOUN,trf+odycy,"ἑϋμμελίης epithet agrees w/ subj Θρασυμήδης -> Nom, not Gen. [high]",,,,,,,Gen,Nom,Nom,,,,,,,,,,,,
morph_case_disagree,Posthomerica,urn:cts:greekLit:tlg2046.tlg001.perseus-grc2:3.456,ἐσχαρόφιν,"αἰὲν ἐπʼ [[ἐσχαρόφιν]] βίοτον κατέδων ὀδύνῃσι ,",NOUN,NOUN,NOUN,lg,ἐπʼ ἐσχαρόφιν 'at the hearth' -- ἐπί + locative sense favors Dat (cf. common ἐπ' ἐσχάρῃ); trf+odycy's Gen less idiomatic here. [med] REVIEW,,,,,,,Dat,Gen,Gen,,,,,,,,,,,,
morph_case_disagree,Dionysiaca,urn:cts:greekLit:tlg2045.tlg001.perseus-grc2:20.301,φίλιον,καί [[φίλιον]] σύριγμα συνωρίδες ἔβρεμον αὐλῶν,ADJ,ADJ,ADJ,lg+trf,"φίλιον agrees w/ σύριγμα (obj of ἔβρεμον) -> Acc, not Nom. [high]",,,,,,,Acc,Acc,Nom,,,,,,,,,,,,
morph_case_disagree,Dionysiaca,urn:cts:greekLit:tlg2045.tlg001.perseus-grc2:4.75,παρεδριόωσα,"ἀμφιπόλους ἔσσευε · [[παρεδριόωσα]] δὲ μούνῃ ,",VERB,VERB,VERB,trf+odycy,"παρεδριόωσα is a subject participle ('she, sitting beside...') -> Nom, not Acc. [high]",,,,,,,Acc,Nom,Nom,,,,,,,,,,,,
morph_case_disagree,Iliad,urn:cts:greekLit:tlg0012.tlg001.perseus-grc2:17.99,μέγα,"ὅν κε θεὸς τιμᾷ , τάχα οἱ [[μέγα]] πῆμα κυλίσθη .",ADJ,ADJ,ADJ,trf+odycy,"μέγα agrees w/ πῆμα, subj of κυλίσθη -> Nom, not Acc. [high]",,,,,,,Acc,Nom,Nom,,,,,,,,,,,,
morph_tense_disagree,Argonautica,urn:cts:greekLit:tlg0001.tlg001.perseus-grc2:1.896,ἀπεών,μνώεο μὴν [[ἀπεών]] περ ὁμῶς καὶ νόστιμος ἤδη,VERB,VERB,VERB,trf+odycy,"ἀπεών 'being absent' -> Pres participle, not Past. [high]",,,,,,,,,,Past,Pres,Pres,Ind,,,Act,Act,Act,,,
morph_tense_disagree,Argonautica,urn:cts:greekLit:tlg0001.tlg001.perseus-grc2:2.1078,ξυνίωσι,"ἀνδρῶν κινυμένων , ὁπότε [[ξυνίωσι]] φάλαγγες ,",VERB,VERB,VERB,trf+odycy,"ξυνίωσι 'come together' -> Pres Sub, not Past. [high]",,,,,,,,,,Past,Pres,Pres,Sub,Sub,Sub,Act,Act,Act,,,
morph_tense_disagree,Iliad,urn:cts:greekLit:tlg0012.tlg001.perseus-grc2:12.156,πῖπτον,"νηῶν τʼ ὠκυπόρων · νιφάδες δʼ ὡς [[πῖπτον]] ἔραζε ,",VERB,VERB,VERB,trf+odycy,"πῖπτον 'were falling' -> impf/Past, not Pres. [high]",,,,,,,,,,Pres,Past,Past,,Ind,Ind,Act,Act,Act,,,
morph_tense_disagree,Iliad,urn:cts:greekLit:tlg0012.tlg001.perseus-grc2:10.309,φυλάσσονται,"ἠέ [[φυλάσσονται]] νῆες θοαὶ ὡς τὸ πάρος περ ,",VERB,VERB,VERB,trf+odycy,"φυλάσσονται 'are guarded' -> Pres, not Fut. [high]",,,,,,,,,,Fut,Pres,Pres,Ind,Ind,Ind,Mid,Mid,Mid,,,
morph_tense_disagree,Odyssey,urn:cts:greekLit:tlg0012.tlg002.perseus-grc2:11.104,ἵκοισθε,"ἀλλʼ ἔτι μέν κε καὶ ὣς κακά περ πάσχοντες [[ἵκοισθε]] ,",VERB,VERB,VERB,odycy,"ἵκοισθε is an aorist optative ('might arrive') -> stem is Past even though mood is Opt; lg wrong on both axes, trf right mood/wrong tense. [med]",,,,,,,,,,Pres,Pres,Past,Ind,Opt,Opt,Mid,Mid,Mid,,,
morph_tense_disagree,Odyssey,urn:cts:greekLit:tlg0012.tlg002.perseus-grc2:14.290,ἱκόμεσθα,"ὅς μʼ ἄγε παρπεπιθὼν ᾗσι φρεσίν , ὄφρʼ [[ἱκόμεσθα]]",VERB,VERB,VERB,odycy,"ἱκόμεσθα, 1pl aorist indicative (-μεσθα ending, not subjunctive) 'we arrived' -> Past Ind; lg wrong tense, trf wrong mood. [med]",,,,,,,,,,Pres,Past,Past,Ind,Sub,Ind,Mid,Mid,Mid,,,
morph_tense_disagree,Sack of Troy,urn:cts:greekLit:tlg0647.tlg001.perseus-grc2:674,δέδμηντο,"ἀλλʼ οἱ μὲν [[δέδμηντο]] λίνῳ θανάτοιο πανάγρῳ ,",VERB,VERB,VERB,trf+odycy,δέδμηντο is pluperfect ('had been subdued') -> Pqp; lg's generic 'Past' is less precise. [med],,,,,,,,,,Past,Pqp,Pqp,Ind,Ind,Ind,Mid,Mid,Mid,,,
morph_tense_disagree,Sack of Troy,urn:cts:greekLit:tlg0647.tlg001.perseus-grc2:106,ἐλήλατο,"ἀμφὶ δέ μιν μέγα τεῖχος [[ἐλήλατο]] , μή τις Ἀχαιῶν",VERB,VERB,VERB,odycy,ἐλήλατο is pluperfect ('had been built') -> Pqp; lg+trf's 'Past' is less precise. [med],,,,,,,,,,Past,Past,Pqp,Ind,Ind,Ind,Mid,Mid,Mid,,,
morph_tense_disagree,Dionysiaca,urn:cts:greekLit:tlg2045.tlg001.perseus-grc2:1.390,ἀκούσω,"μὴ νεφεληγερέταο Τυφωέος ἦχον [[ἀκούσω]] ,",VERB,VERB,VERB,trf+odycy,"ἀκούσω after μή (fear clause) is aorist subjunctive -> Past Sub, not Fut Ind. [high]",,,,,,,,,,Fut,Past,Past,Ind,Sub,Sub,Act,Act,Act,,,
morph_tense_disagree,Dionysiaca,urn:cts:greekLit:tlg2045.tlg001.perseus-grc2:36.152,κομίσσω,πρὶν Σατύρους καὶ Βάκχου ἀλυκτοπέδῃσι [[κομίσσω]],VERB,VERB,VERB,odycy,κομίσσω after πρίν reads as aorist subjunctive (idiomatic πρίν + subj) -> Past Sub; lg/trf's Pres/Fut Ind less fitting. [med],,,,,,,,,,Pres,Fut,Past,Ind,Ind,Sub,Act,Act,Act,,,
morph_tense_disagree,Posthomerica,urn:cts:greekLit:tlg2046.tlg001.perseus-grc2:8.39,καγχαλόωντες,ὣς δὲ καὶ Ἀργεῖοι μέγα [[καγχαλόωντες]] ἄγερθεν,VERB,VERB,VERB,trf+odycy,"καγχαλόωντες 'exulting' -> Pres participle, not Past. [high]",,,,,,,,,,Past,Pres,Pres,,,,Act,Act,Act,,,
morph_tense_disagree,Posthomerica,urn:cts:greekLit:tlg2046.tlg001.perseus-grc2:5.216,ὕπεικε,"ἔστην καὶ πυρὸς ἄντα καὶ Ἕκτορος , ὅς μοι [[ὕπεικε]]",VERB,VERB,VERB,lg+odycy,"ὕπεικε 'who yielded' -> impf/Past, not Pres. [high]",,,,,,,,,,Past,Pres,Past,Ind,Ind,Ind,Act,Act,Act,,,
morph_tense_disagree,Odyssey,urn:cts:greekLit:tlg0012.tlg002.perseus-grc2:14.487,μετέσσομαι,"οὔ τοι ἔτι ζωοῖσι [[μετέσσομαι]] , ἀλλά με χεῖμα",VERB,VERB,VERB,lg+odycy,"μετέσσομαι 'I shall be among' -> Fut, not Pres. [high]",,,,,,,,,,Fut,Pres,Fut,Ind,Ind,Ind,Mid,Mid,Mid,,,
morph_tense_disagree,Odyssey,urn:cts:greekLit:tlg0012.tlg002.perseus-grc2:6.309,ἐφήμενος,τῷ ὅ γε οἰνοποτάζει [[ἐφήμενος]] ἀθάνατος ὥς .,VERB,VERB,VERB,lg+odycy,"ἐφήμενος 'sitting' -> Pres participle, not Past. [high]",,,,,,,,,,Pres,Past,Pres,,,,Mid,Mid,Mid,,,
morph_tense_disagree,Posthomerica,urn:cts:greekLit:tlg2046.tlg001.perseus-grc2:6.444,ἐσσυμένοις,"[[ἐσσυμένοις]] · νῶιν γὰρ ἀάσπετον ἔσσετʼ ὄνειδος ,",VERB,VERB,VERB,trf+odycy,"ἐσσυμένοις is morphologically perfect-stem but used with present/stative force ('eager, in haste') -> Pres by sense-based convention; lg's Past reflects raw stem instead. [med]",,,,,,,,,,Past,Pres,Pres,,,,Mid,Mid,Mid,,,
control_all_agree,Argonautica,urn:cts:greekLit:tlg0001.tlg001.perseus-grc2:3.757,τὸ,"ὕδατος ἐξανιοῦσα , [[τὸ]] δὴ νέον ἠὲ λέβητι",PRON,PRON,PRON,all,All three agree; spot-checked and correct. [high],ὁ,ὁ,ὁ,Neut,Neut,Neut,Nom,Nom,Nom,,,,,,,,,,Sing,Sing,Sing
control_all_agree,Argonautica,urn:cts:greekLit:tlg0001.tlg001.perseus-grc2:1.1244,ὅν,"ἄγριος , [[ὅν]] ῥά τε γῆρυς ἀπόπροθεν ἵκετο μήλων ,",PRON,PRON,PRON,all,All three agree; spot-checked and correct. [high],ὅς,ὅς,ὅς,Masc,Masc,Masc,Acc,Acc,Acc,,,,,,,,,,Sing,Sing,Sing
control_all_agree,Iliad,urn:cts:greekLit:tlg0012.tlg001.perseus-grc2:23.449,τοὶ,ἵππους · [[τοὶ]] δὲ πέτοντο κονίοντες πεδίοιο .,PRON,PRON,PRON,all,All three agree; spot-checked and correct. [high],ὁ,ὁ,ὁ,Masc,Masc,Masc,Nom,Nom,Nom,,,,,,,,,,Plur,Plur,Plur
control_all_agree,Iliad,urn:cts:greekLit:tlg0012.tlg001.perseus-grc2:11.219,ὅς,[[ὅς]] τις δὴ πρῶτος Ἀγαμέμνονος ἀντίον ἦλθεν,PRON,PRON,PRON,all,All three agree; spot-checked and correct. [high],ὅς,ὅς,ὅς,Masc,Masc,Masc,Nom,Nom,Nom,,,,,,,,,,Sing,Sing,Sing
control_all_agree,Odyssey,urn:cts:greekLit:tlg0012.tlg002.perseus-grc2:5.240,τά,"αὖα πάλαι , περίκηλα , [[τά]] οἱ πλώοιεν ἐλαφρῶς .",PRON,PRON,PRON,all,All three agree; spot-checked and correct. [high],ὁ,ὁ,ὁ,Neut,Neut,Neut,Acc,Nom,Nom,,,,,,,,,,Plur,Plur,Plur
control_all_agree,Odyssey,urn:cts:greekLit:tlg0012.tlg002.perseus-grc2:11.168,οὗ,ἐξ [[οὗ]] τὰ πρώτισθʼ ἑπόμην Ἀγαμέμνονι δίῳ,PRON,PRON,PRON,all,All three agree; spot-checked and correct. [high],ὅς,ὅς,ὅς,Masc,Masc,Masc,Gen,Gen,Gen,,,,,,,,,,Sing,Sing,Sing
control_all_agree,Sack of Troy,urn:cts:greekLit:tlg0647.tlg001.perseus-grc2:38,ἑ,νῆας ἐς ἀγχιάλους · μελίῃ δέ [[ἑ]] μοῦνος ὑποστὰς,PRON,PRON,PRON,all,All three agree; spot-checked and correct. [high],ἕ,ἕ,ἕ,Masc,Masc,Masc,Acc,Acc,Acc,,,,,,,,,,Sing,Sing,Sing
control_all_agree,Sack of Troy,urn:cts:greekLit:tlg0647.tlg001.perseus-grc2:202,ἄμφω,αὐτὸς δʼ ἐν κεφαλῇ σκοπὸς ἕζετο · τὼ δέ οἱ [[ἄμφω]],ADJ,ADJ,ADJ,all,"Flag: all three tag ἄμφω as Fem, but the word is morphologically gender-indeclinable for 'both' (dual); likely referent is a neuter dual (e.g. eyes/ears) based on surrounding context, so Fem may be a shared spurious default rather than a genuine agreement on a correct value. [low] REVIEW",ἄμφω,ἄμφω,ἄμφω,Fem,Masc,Masc,Acc,Nom,Nom,,,,,,,,,,Dual,Dual,Dual
control_all_agree,Dionysiaca,urn:cts:greekLit:tlg2045.tlg001.perseus-grc2:7.294,σὲ,"καὶ [[σὲ]] καὶ ἠριγένειαν ἐμοῖς νεφέεσσι καλύψω ,",PRON,PRON,PRON,all,"σέ has no morphological gender; Masc here is a referent-based inference (addressee context), not empirically verifiable from the token alone -- same caveat as rows 103/104. [low]",σύ,σύ,σύ,Masc,Masc,Masc,Acc,Acc,Acc,,,,,,,,,,Sing,Sing,Sing
control_all_agree,Dionysiaca,urn:cts:greekLit:tlg2045.tlg001.perseus-grc2:37.185,σὺ,"ἀλλὰ [[σὺ]] πατρὸς ἄκουε , καὶ ἵππια κέρδεα τέχνης ,",PRON,PRON,PRON,all,All three agree; spot-checked and correct. [high],σύ,σύ,σύ,,Masc,Masc,Nom,Nom,Nom,,,,,,,,,,Sing,Sing,Sing
control_all_agree,Posthomerica,urn:cts:greekLit:tlg2046.tlg001.perseus-grc2:6.635,μιν,εἷλε βαλὼν κατὰ μαζὸν ἀριστερόν · ἀμφὶ δέ [[μιν]] νὺξ,PRON,PRON,PRON,all,All three agree; spot-checked and correct. [high],μιν,μιν,μιν,Masc,Masc,Masc,Acc,Acc,Acc,,,,,,,,,,Sing,Sing,Sing
control_all_agree,Posthomerica,urn:cts:greekLit:tlg2046.tlg001.perseus-grc2:1.188,μιν,καὶ δʼ αὖ [[μιν]] παλίνορσον ἐμὸν ποτὶ δῶμα σάωσον,PRON,PRON,PRON,all,All three agree; spot-checked and correct. [high],μιν,μιν,μιν,Masc,Masc,Masc,Acc,Acc,Acc,,,,,,,,,,Sing,Sing,Sing
control_all_agree,Iliad,urn:cts:greekLit:tlg0012.tlg001.perseus-grc2:19.88,οἵ,"[[οἵ]] τέ μοι εἰν ἀγορῇ φρεσὶν ἔμβαλον ἄγριον ἄτην ,",PRON,PRON,PRON,all,All three agree; spot-checked and correct. [high],ὅς,ὅς,ὅς,Masc,Masc,Masc,Nom,Nom,Nom,,,,,,,,,,Plur,Plur,Plur
control_all_agree,Odyssey,urn:cts:greekLit:tlg0012.tlg002.perseus-grc2:16.61,ἐγώ,"τοιγὰρ [[ἐγώ]] τοι , τέκνον , ἀληθέα πάντʼ ἀγορεύσω .",PRON,PRON,PRON,all,All three agree; spot-checked and correct. [high],ἐγώ,ἐγώ,ἐγώ,Masc,Masc,Masc,Nom,Nom,Nom,,,,,,,,,,Sing,Sing,Sing
control_all_agree,Iliad,urn:cts:greekLit:tlg0012.tlg001.perseus-grc2:24.285,κιοίτην,"χρυσέῳ ἐν δέπαϊ , ὄφρα λείψαντε [[κιοίτην]] ·",VERB,VERB,VERB,all,All three agree; spot-checked and correct. [high],κίω,κίω,κίω,,,,,,,,,,Opt,Ind,Opt,,,,Dual,Dual,Dual
